id,firstname,lastname,expire,age
1,Susannah,Loris,2018-12-23,22
2,Herminia,McKay,2019-2-3,54
3,Amie,O'Hannagan,2017-6-7,31
4,Pradeep,Pearce,2021-11-19,22
5,Meera,Venczel,2020-4-28,65
6,Jayanta,Santis,2022-1-1,34
7,Harduwich,Bendtsen,2017-8-30,76
8,Abdullohi,Zunino,2020-9-12,52
9,Petronell,Ruadháin,2018-12-23,12
10,Tomas,Brankovich,2020-5-12,36
11,Randulfr,Fenstermacher,2020-10-3,66
12,Priit,Andrysiak,2021-4-20,43
13,Makbule,Paulson,2018-12-10,21
14,Ludovicus,McDevitt,2020-2-16,22
15,John,MacCallion,2021-10-23,83
16,Donnacha,Peleza,2018-10-13,41
17,Anita,Senior,2022-8-5,15
18,Augustas,Millard,2021-2-12,53
19,Nicklas,Allan,2022-4-20,32
20,Hroderich,Róg ,2020-8-13,22